begin, 228
create, 53
move, 90
say, 6442
let, 1320
see, 1526
divide, 124
call, 831
make, 2488
gather, 437
appear, 124
sea, 1
bring, 1609
yield, 45
give, 1868
rule, 54
set, 672
hath, 1205
may, 1456
fly, 36
live, 369
moveth, 7
bless, 420
multiply, 92
fill, 205
creep, 35
creepeth, 14
replenish, 7
subdue, 26
shall, 9755
behold, 503
finish, 53
end, 21
rest, 82
sanctify, 132
grow, 89
cause, 298
rain, 24
go, 3183
water, 26
form, 34
breathe, 8
become, 241
plant, 65
put, 917
part, 17
compasseth, 5
goeth, 121
take, 1980
dress, 15
keep, 546
command, 544
thou, 4309
mayest, 110
eat, 774
shalt, 1610
die, 525
should, 768
will, 3733
meet, 165
would, 443
find, 569
fall, 560
sleep, 84
close, 12
leave, 380
cleave, 33
touch, 119
doth, 186
know, 1152
open, 199
desire, 109
sew, 4
hear, 1202
walk, 357
hide, 220
tell, 501
wast, 14
shouldest, 68
hast, 1030
do, 600
beguile, 7
curse, 123
bruise, 16
thy, 1335
hearken, 228
return, 435
clothe, 91
send, 932
drive, 118
place, 27
turn, 572
conceive, 61
get, 46
bare, 94
come, 4135
pass, 994
respect, 9
wroth, 49
doest, 28
accept, 55
sin, 210
lieth, 59
talk, 67
rise, 347
slew, 119
receive, 341
can, 397
bear, 407
findeth, 16
slay, 312
whosoever, 10
slayeth, 3
kill, 193
dwell, 580
build, 389
beget, 250
handle, 16
avenge, 35
appoint, 167
comfort, 81
concern, 239
choose, 211
strive, 32
repent, 79
grieve, 45
destroy, 442
repenteth, 5
look, 323
corrupt, 17
thee, 192
pitch, 96
establish, 118
accord, 792
break, 319
enter, 271
shut, 104
increase, 82
lift, 266
prevail, 66
cover, 185
remain, 146
remember, 205
stop, 22
restrain, 10
abate, 6
decrease, 3
dry, 48
pull, 24
stay, 57
remove, 140
spake, 585
breed, 2
offer, 422
burn, 637
smell, 8
smite, 406
cease, 108
deliver, 589
require, 52
shed, 52
cut, 318
drink, 299
uncover, 43
lay, 405
awake, 23
be, 604
enlarge, 20
spread, 111
journey, 35
reach, 27
scatter, 108
imagine, 15
confound, 55
understand, 150
shew, 370
curseth, 9
depart, 350
speak, 857
have, 210
sojourn, 30
save, 337
pray, 396
commend, 14
entreat, 11
plague, 7
didst, 121
could, 165
separate, 55
wilt, 239
thine, 153
number, 147
arise, 321
join, 58
serve, 290
rebel, 39
flee, 252
escape, 112
arm, 11
train, 2
pursue, 75
fear, 306
exceed, 65
believe, 267
count, 65
inherit, 66
afflict, 89
judge, 207
bury, 148
obtain, 43
despise, 97
pleaseth, 6
deal, 108
submit, 16
seest, 2
seeth, 44
circumcise, 50
buy, 100
must, 131
need, 26
laugh, 32
Shall, 76
sit, 345
stand, 659
run, 148
bow, 124
Let, 192
fetch, 49
wash, 136
hasten, 14
knead, 5
fetcht, 1
haste, 29
stricken, 18
wax, 54
deny, 47
draw, 191
peradventure, 29
spare, 47
answer, 619
lack, 24
commune, 27
tarry, 83
abide, 95
press, 17
bake, 13
lie, 312
compass, 70
weary, 17
Hast, 21
marry, 40
seem, 38
mock, 36
consume, 155
linger, 2
magnify, 40
overthrow, 43
gat, 19
preserve, 45
perceive, 63
withhold, 15
suffer, 150
restore, 66
offend, 50
ought, 95
think, 123
wander, 29
reprove, 27
heal, 124
visit, 65
unto, 20
suck, 25
wean, 12
Cast, 11
spend, 26
cast, 504
weep, 139
aileth, 6
hold, 161
swear, 111
wot, 8
mean, 23
digge, 37
sware, 70
tempt, 46
lovest, 8
saddle, 13
clave, 11
worship, 181
provide, 21
bind, 154
stretch, 122
fearest, 2
catch, 52
saith, 1219
possess, 145
obey, 113
mourn, 76
intreat, 11
weigh, 25
name, 60
round, 87
follow, 236
beware, 26
kneel, 13
empty, 14
wonder, 24
lodge, 42
lead, 119
prepare, 174
ungirde, 1
prosper, 62
cometh, 204
ask, 235
hinder, 13
enquire, 85
hate, 149
ride, 45
meditate, 14
light, 24
walketh, 34
love, 264
purchase, 10
intreate, 18
struggle, 1
fulfil, 108
feed, 114
sell, 117
perform, 65
sport, 5
charge, 72
toucheth, 39
sow, 77
envy, 14
spring, 32
strove, 3
hunt, 13
loveth, 64
feel, 12
art, 25
discern, 22
kiss, 39
blesseth, 7
tremble, 73
cry, 333
supplant, 2
reserve, 19
sustain, 7
wherewith, 73
purpose, 25
forget, 102
deprive, 3
please, 78
dream, 22
ascend, 37
descend, 37
pour, 149
vow, 30
roll, 18
embrace, 14
praise, 193
kindle, 83
wrestle, 4
hire, 38
endue, 5
add, 48
learn, 59
spot, 6
speckle, 5
steal, 45
ringstrake, 5
pille, 2
deceive, 63
change, 61
hurt, 33
leap, 20
grisle, 3
doeth, 87
devour, 130
carry, 241
shear, 5
overtake, 29
yesternight, 1
heed, 15
search, 59
displease, 17
chode, 2
tear, 30
rebuke, 48
watch, 51
saidst, 2
meeteth, 3
asketh, 9
whither, 6
appease, 2
dost, 56
face, 9
halt, 5
shrink, 2
urge, 7
overdrive, 1
endure, 39
erect, 1
defile, 109
work, 157
trade, 7
consent, 13
defer, 6
spoil, 75
trouble, 69
stink, 6
Should, 15
travail, 10
inhabit, 42
reign, 294
observe, 66
seek, 382
conspire, 19
rid, 6
stript, 1
conceal, 8
rent, 53
dip, 20
refuse, 57
raise, 146
spill, 3
lest, 11
wrap, 16
shame, 7
play, 39
acknowledge, 19
overseer, 1
favour, 17
wotteth, 1
commit, 168
continue, 71
belong, 29
bud, 10
shoot, 37
hang, 51
interpret, 20
forgat, 8
fatfleshe, 1
leanfleshe, 3
blast, 7
shave, 25
canst, 51
declare, 140
sheweth, 20
double, 5
perish, 144
Can, 22
array, 14
befall, 20
prove, 42
verify, 3
beseech, 114
Spake, 2
lade, 7
espy, 4
fail, 78
traffick, 1
bereave, 12
protest, 7
dine, 4
yearn, 2
refrain, 16
Set, 12
marvel, 28
reward, 27
divineth, 1
forbid, 46
divine, 3
clear, 3
nourish, 16
speaketh, 51
regard, 37
faint, 22
revive, 14
direct, 13
present, 44
attain, 16
assign, 3
strengthen, 73
guide, 21
redeem, 121
excel, 6
stoop, 13
couch, 4
rouse, 1
wait, 103
overcome, 25
giveth, 121
help, 106
embalm, 4
requite, 12
forgive, 108
falleth, 19
fight, 169
daub, 8
nurse, 4
spy, 18
sigh, 8
nigh, 3
flow, 28
oppress, 60
am, 4
sacrifice, 81
borrow, 11
sojourneth, 15
pluck, 53
maketh, 110
teach, 209
harden, 45
diminish, 13
labour, 35
beat, 75
demand, 10
minish, 1
abhor, 35
bringeth, 78
swallow, 45
refuseth, 2
hitherto, 13
wouldest, 13
lothe, 7
sever, 7
stone, 46
sprinkle, 57
mingle, 57
brake, 64
bolle, 1
humble, 37
remaineth, 20
darken, 20
thrust, 48
sitteth, 40
strike, 17
unleavene, 12
roast, 6
gird, 62
execute, 55
eateth, 48
leaven, 13
promise, 53
lend, 23
openeth, 17
harness, 2
encamp, 38
ye, 55
entangle, 4
honour, 49
march, 6
drave, 13
fighteth, 2
sing, 135
triumph, 8
throw, 35
exalt, 80
drown, 7
sink, 15
dash, 12
sentest, 3
congeal, 1
blow, 66
melt, 32
murmur, 29
healeth, 3
Would, 8
heareth, 48
wist, 12
mete, 7
seethe, 12
day, 1
commandeth, 11
chide, 4
thirst, 7
discomfit, 8
write, 431
rehearse, 6
rejoice, 248
sittest, 3
wear, 15
able, 1
camp, 2
quake, 3
sound, 37
gaze, 2
mount, 17
bound, 1
taketh, 66
hallow, 21
covet, 11
record, 8
pollute, 37
discover, 35
bore, 2
betroth, 13
smiteth, 13
stealeth, 2
selleth, 5
keepeth, 44
quit, 6
pay, 45
punish, 49
determine, 29
wind, 4
push, 10
testify, 56
gore, 2
dig, 13
use, 48
condemn, 47
entice, 11
endow, 1
sacrificeth, 4
vex, 31
pledge, 5
crieth, 6
revile, 8
delay, 4
decline, 9
wrest, 4
countenance, 1
hateth, 29
forbear, 27
justify, 51
refresh, 14
provoke, 80
pardon, 18
read, 72
pave, 2
dye, 5
anoint, 152
overlay, 47
shewbread, 1
proceed, 25
couple, 13
rear, 14
twine, 3
fillet, 3
order, 14
minister, 105
consecrate, 28
engrave, 2
fasten, 24
loose, 60
weave, 7
embroider, 1
wave, 17
heave, 9
cleanse, 74
dresseth, 1
lighteth, 2
numberest, 2
passeth, 34
compoundeth, 1
putteth, 29
temper, 3
devise, 28
defileth, 9
fashion, 9
grave, 16
broughtest, 13
shout, 40
grind, 11
straw, 5
gate, 3
bestow, 23
blot, 18
strip, 19
sayest, 11
consider, 87
proclaim, 42
hew, 31
shine, 54
stir, 41
spin, 5
assemble, 58
brasen, 2
occupy, 9
overlaid, 1
inclose, 9
rend, 21
tie, 10
thereon, 20
flay, 4
wring, 8
covereth, 18
utter, 38
uncleanness, 1
knoweth, 76
pronounce, 38
confess, 36
err, 36
trespass, 21
lose, 52
baken, 2
offereth, 14
whereon, 13
scour, 1
rinse, 3
reconcile, 14
fry, 2
impute, 13
pertain, 31
purify, 32
boil, 10
glorify, 78
bewail, 9
eaten, 1
parteth, 2
clovenfoote, 3
cheweth, 8
chew, 4
divideth, 3
whoso, 14
beareth, 20
whereinto, 1
range, 2
clean, 5
looketh, 28
fret, 9
lamb, 1
owneth, 2
scrape, 5
plaistere, 1
bathe, 19
spit, 13
rideth, 3
attire, 1
burneth, 13
soever, 5
killeth, 17
catcheth, 2
approach, 22
vomiteth, 1
spue, 2
yourselves, 3
profane, 28
reap, 39
glean, 19
defraud, 9
honor, 1
scourge, 11
print, 2
prostitute, 1
reverence, 7
dwelleth, 50
balance, 1
turneth, 33
committeth, 19
uncovereth, 3
floweth, 10
profaneth, 1
divorce, 4
brokenfoote, 1
scabbe, 2
dieth, 13
accomplish, 40
maim, 6
crush, 11
celebrate, 3
blaspheme, 27
blasphemeth, 4
prune, 3
undress, 2
grant, 35
relieve, 8
compel, 11
begat, 2
reckon, 30
chase, 20
pursueth, 3
rob, 18
reform, 1
chastise, 16
waste, 24
astonish, 28
enjoy, 15
pine, 5
value, 7
alter, 6
estimate, 2
assure, 4
devote, 5
express, 6
Cut, 3
whereof, 4
recompense, 36
causeth, 30
rot, 5
swell, 8
separateth, 3
dedicate, 22
goat, 3
belongeth, 14
abode, 12
oppresseth, 4
mine, 12
complain, 6
quench, 29
layest, 1
begotten, 1
suffice, 10
prophesy, 133
ere, 3
lust, 6
still, 2
bid, 41
disinherit, 1
longsuffere, 4
transgress, 50
presume, 3
sinneth, 19
appertain, 2
blossom, 6
bloom, 1
render, 38
gathereth, 11
sprinkleth, 1
loatheth, 2
bite, 11
undo, 3
reacheth, 4
lick, 9
promote, 10
withstand, 16
defy, 11
Must, 1
reverse, 3
pierce, 14
advertise, 2
ordain, 39
proceedeth, 9
disallow, 6
establisheth, 2
confirmeth, 2
war, 12
abideth, 3
levy, 2
lacketh, 2
discourage, 6
augment, 1
fold, 5
dispossess, 4
point, 4
measure, 65
hurl, 2
wall, 1
dread, 2
tread, 62
standeth, 25
encourage, 9
meddle, 9
contend, 21
account, 14
succeed, 4
forbad, 3
fence, 8
witness, 11
whereunto, 4
prolong, 22
forsake, 158
assay, 6
mightest, 19
instruct, 29
liveth, 20
liest, 3
repayeth, 1
repay, 9
affright, 10
snare, 9
detest, 1
chasteneth, 2
wrath, 1
stamp, 11
ground, 4
overflow, 20
succeedest, 2
dwellest, 15
proveth, 1
withdraw, 23
cleaveth, 3
tithe, 2
desireth, 13
release, 19
exact, 8
wanteth, 3
sendest, 3
furnish, 10
blind, 7
pervert, 12
inform, 7
fetcheth, 1
pity, 13
besiege, 34
force, 11
employ, 3
try, 38
behead, 7
goest, 3
pare, 1
chasten, 14
plow, 16
amerce, 1
wound, 35
chanceth, 1
ease, 7
liketh, 3
settest, 7
slack, 5
sendeth, 9
cheer, 2
setteth, 13
gatherest, 1
muzzle, 3
treadeth, 4
like, 8
draweth, 12
lengthen, 3
possessest, 1
profess, 7
avouch, 2
plaister, 2
removeth, 4
fray, 3
grope, 5
rescue, 6
distress, 8
adventure, 3
smoke, 4
root, 14
reveal, 45
mind, 7
persecute, 46
denounce, 1
dismay, 29
drop, 22
distil, 2
publish, 28
ascribe, 5
howl, 22
kick, 4
esteem, 13
heap, 9
behave, 15
seal, 45
slide, 4
trust, 102
whet, 4
glitter, 7
seat, 1
Josh1:14, 1
commandest, 3
view, 8
overfloweth, 1
wherefore, 12
adjure, 7
buildeth, 6
noise, 4
environ, 1
dissemble, 3
seize, 5
issue, 10
clout, 1
josh9:12, 1
counsel, 8
free, 2
seemeth, 11
houghe, 3
josh12:11, 1
Josh12:14, 1
Josh13:6, 1
expel, 6
distribute, 12
Josh15:46, 1
tribute, 2
describe, 6
josh19:14, 1
mention, 11
Josh21:19, 1
intend, 8
josh22:34, 1
incline, 25
josh24:28, 1
overlive, 1
descry, 1
outlive, 1
lock, 2
jdgs4:17, 1
jeoparde, 1
sweep, 7
speed, 1
thresh, 9
Will, 29
plead, 42
vaunt, 1
lap, 2
retain, 13
tumble, 1
overturn, 5
calledst, 2
upbraid, 3
resemble, 2
request, 5
aid, 1
fortify, 9
rush, 5
defend, 14
captain, 1
recover, 33
lament, 27
frame, 7
spakest, 5
detain, 3
roar, 32
expound, 7
last, 2
hadst, 6
bar, 2
shake, 74
lean, 13
Jdgs17:6, 1
makest, 26
salute, 39
carve, 13
Jdgs18:28, 1
receiveth, 35
want, 26
merry, 2
beset, 6
bre, 1
abuse, 5
knit, 6
lefthande, 1
sling, 3
miss, 7
fast, 42
retire, 4
trode, 3
dance, 12
repair, 58
ruth1:17, 1
winnoweth, 1
mark, 17
confirm, 29
arrogancy, 1
stumble, 29
raiseth, 8
thunder, 6
crouch, 1
tingle, 3
purge, 30
ring, 2
meaneth, 5
woe, 41
lighten, 12
Wherefore, 7
happen, 16
low, 1
reject, 33
ear, 1
care, 10
invite, 3
renew, 13
advance, 4
reason, 23
reigneth, 6
profit, 27
leadeth, 14
sharpen, 6
situate, 3
climb, 6
taste, 21
enlighten, 8
disperse, 17
saveth, 6
enrich, 4
camest, 2
disdain, 2
slang, 1
singe, 11
eye, 1
avoid, 8
expire, 9
delight, 29
seeketh, 23
sawest, 6
slip, 7
feign, 6
scrabble, 1
discontent, 1
occasion, 1
practise, 6
dealeth, 2
lurk, 5
hideth, 11
invade, 7
bade, 5
huntest, 2
greet, 17
rail, 6
withholden, 6
hasted, 1
stick, 8
disguise, 8
disquiet, 7
answereth, 7
executedst, 1
straightway, 30
haunt, 2
hit, 2
chargest, 1
translate, 4
espouse, 5
leddest, 4
getteth, 3
bestir, 1
accompany, 6
base, 1
stablish, 11
redeemedst, 1
succour, 5
king, 4
whisper, 3
bolt, 2
sheepshearer, 1
tare, 3
suppose, 25
long, 8
remainder, 1
banish, 1
thank, 31
poll, 5
depute, 1
certify, 7
defeat, 2
chafe, 1
overrun, 2
thinketh, 5
hatest, 4
conduct, 5
trim, 2
slander, 1
favoureth, 1
wallow, 6
batter, 2
savest, 1
prevent, 16
fire, 2
teacheth, 16
fade, 8
avengeth, 2
ruleth, 7
advise, 4
cost, 1
cherish, 2
confer, 4
talkest, 1
pipe, 4
turnest, 1
fat, 5
skill, 3
convey, 3
discharge, 1
narrow, 1
axe, 1
fit, 3
saw, 2
contain, 13
unweighe, 1
settle, 12
keepest, 3
afflictest, 1
calleth, 30
maintain, 11
bethink, 2
hiss, 14
victual, 1
prince, 1
consult, 14
disobey, 1
exempt, 1
disease, 7
anger, 8
troubleth, 7
gush, 6
ariseth, 1
escapeth, 1
boast, 23
decide, 1
govern, 3
humbleth, 4
persuade, 31
fell, 2
constrain, 7
sneeze, 1
shre, 1
leaneth, 1
swim, 6
warn, 27
sackcloth, 2
weepeth, 2
rip, 4
revolt, 8
driveth, 2
paint, 2
tire, 1
letteth, 1
clap, 7
followeth, 12
persuadeth, 1
reproach, 19
scorn, 13
top, 1
seduce, 7
wipe, 13
wipeth, 2
sum, 1
heardest, 6
tax, 4
muster, 2
Put, 7
accurse, 5
raddai, 1
ram, 1
bere, 1
non, 1
oversee, 2
overfly, 3
betray, 37
helpeth, 2
spear, 1
endureth, 28
congratulate, 1
overtaketh, 1
takest, 2
ward, 3
win, 5
refine, 4
glistere, 1
cunne, 2
ciele, 3
garnish, 6
amount, 1
effect, 2
attent, 1
covenant, 4
perfect, 11
chapmen, 1
resort, 9
Ought, 2
rely, 4
man, 7
stablishe, 4
shield, 1
gavest, 16
dismiss, 3
mend, 3
invent, 2
appertaineth, 1
shod, 3
prepareth, 2
question, 7
Hath, 2
strowe, 1
amend, 6
floor, 1
offering, 2
sod, 1
busy, 1
stiffen, 1
misuse, 1
Ezra2:3, 1
ezra2:6, 1
Ezra2:34, 1
Ezra2:43, 1
ezra2:49, 1
ezra2:58, 1
ezra2:62, 1
Ezra2:67, 1
weaken, 4
frustrate, 2
endamage, 1
ezra4:14, 1
damage, 1
Ezra5:3, 1
ezra6:4, 1
nee, 10
ezra6:10, 1
prescribe, 2
impose, 2
beautify, 3
extend, 4
runneth, 8
further, 1
astonie, 9
blush, 3
deserve, 1
Ezra10:1, 1
forfeit, 1
examine, 12
decay, 1
mortgage, 1
report, 14
buildest, 3
preach, 130
feignest, 1
preservest, 1
worshippeth, 3
foundest, 1
commandedst, 2
promisedst, 1
yieldeth, 1
thanksgive, 1
ally, 1
decree, 7
prefer, 8
perplex, 3
wail, 15
attend, 15
holdest, 3
availeth, 1
countervail, 1
durst, 5
pacify, 3
assault, 2
hope, 42
undertake, 2
enjoin, 4
eschew, 2
feast, 3
feareth, 14
job, 1
stain, 3
terrify, 6
hedge, 4
eliphaz, 2
harvest, 3
swalloweth, 2
disappointeth, 1
stoppeth, 4
loweth, 1
forsaketh, 3
vanish, 6
overwhelm, 4
scarest, 1
terrifiest, 1
loathe, 1
withereth, 3
shooteth, 3
overturneth, 3
shaketh, 4
riseth, 5
sealeth, 3
spreadeth, 2
breaketh, 14
filleth, 5
destroyeth, 4
plunge, 1
curdle, 1
acquit, 2
increaseth, 14
wickedness, 1
shutteth, 5
withholdeth, 1
looseth, 2
poureth, 5
weakeneth, 2
discovereth, 2
enlargeth, 2
straiteneth, 1
stagger, 4
sprout, 1
sewest, 1
changest, 1
perceiveth, 2
wink, 3
drinketh, 10
wise, 1
believeth, 39
wandereth, 2
vain, 1
emboldeneth, 1
asswage, 1
teareth, 4
gnasheth, 1
gape, 2
repute, 2
straiten, 7
hungerbitten, 1
counteth, 2
vomit, 4
distributeth, 1
layeth, 18
rewardeth, 2
judgeth, 13
moisten, 1
gain, 20
acquaint, 4
dispute, 11
performeth, 1
groan, 10
disguiseth, 1
evil, 1
stretcheth, 5
hangeth, 1
bindeth, 8
holdeth, 5
departeth, 2
hurleth, 1
fain, 2
fine, 3
cutteth, 6
equal, 2
weigheth, 1
comforteth, 3
bray, 1
viler, 1
mar, 6
regardest, 1
opposest, 1
liftest, 3
consumeth, 1
visiteth, 1
warm, 9
wish, 8
convince, 5
thrusteth, 1
constraineth, 2
burst, 9
marketh, 3
worketh, 35
profiteth, 3
dispose, 4
regardeth, 7
striketh, 2
ensnare, 1
clappeth, 1
multiplieth, 1
preserveth, 6
withdraweth, 1
discipline, 1
delivereth, 8
directeth, 2
thundereth, 2
comprehend, 5
cold, 1
wearieth, 1
scattereth, 6
quieteth, 1
cleanseth, 2
Hitherto, 2
satisfy, 13
gendere, 1
provideth, 1
calve, 3
scorneth, 3
harrow, 1
leaveth, 2
warmeth, 2
impart, 4
lifteth, 6
paweth, 1
mocketh, 2
rattleth, 1
smelleth, 1
contendeth, 2
disannul, 4
deck, 8
abase, 9
trusteth, 6
dare, 5
sunder, 1
esteemeth, 2
beholdeth, 3
bemoan, 7
wither, 31
lease, 2
flatter, 2
waxeth, 1
bend, 13
ordaineth, 1
travaileth, 3
crown, 7
madest, 3
remembereth, 5
forgetteth, 1
executeth, 4
standest, 1
puffeth, 2
murder, 2
croucheth, 1
violence, 1
contemn, 4
honoureth, 9
sweareth, 2
extendeth, 1
disappoint, 2
girdeth, 2
subdueth, 2
convert, 12
joy, 7
inhabitest, 1
stare, 1
o, 4
restoreth, 2
found, 10
rejoiceth, 5
skip, 4
extol, 4
wrought, 1
bridle, 2
fashioneth, 3
considereth, 8
redeemeth, 2
spoileth, 2
gnash, 4
flattereth, 2
deviseth, 1
abhorreth, 2
prospereth, 1
delighteth, 7
beg, 9
muse, 3
faileth, 3
languish, 7
telleth, 3
favourest, 1
everlaste, 8
reproacheth, 4
indite, 1
rage, 6
ceaseth, 2
approve, 12
speakest, 1
uphold, 10
tellest, 1
overpass, 3
fix, 5
estrange, 3
charm, 2
bendeth, 1
belch, 1
display, 1
totter, 1
iniquities, 1
stilleth, 1
enrichest, 1
corn, 1
waterest, 1
blessest, 1
crownest, 1
land, 4
suffereth, 2
extoll, 2
loadeth, 1
quicken, 20
flourish, 13
pride, 1
prick, 3
brakest, 2
dissolve, 9
wake, 6
remembrance, 7
stedfast, 5
feather, 1
limit, 1
unite, 1
holpen, 2
writeth, 1
rememberest, 2
distract, 1
compare, 11
liken, 15
stillest, 1
ruin, 4
shorten, 9
carriest, 1
apply, 7
trample, 3
vengeance, 3
chastiseth, 1
correct, 7
teachest, 3
answeredst, 2
slandereth, 1
forgiveth, 1
crowneth, 1
satisfieth, 3
pitieth, 1
coverest, 1
stretchest, 1
watereth, 3
givest, 3
lice, 1
flame, 5
glory, 7
reel, 2
minishe, 1
declineth, 1
toss, 9
ail, 1
forge, 1
puttest, 2
pant, 2
slumber, 4
groweth, 2
sheave, 1
exercise, 15
quiet, 2
rase, 2
strengthenedst, 1
withal, 4
polish, 1
afford, 1
satisfiest, 1
returneth, 7
relieveth, 1
casteth, 9
exalteth, 7
uttereth, 5
seekest, 1
froward, 1
retaineth, 2
ponder, 3
ravish, 7
winketh, 1
soweth, 10
perfume, 2
solace, 1
wisdom, 1
abound, 26
reproveth, 1
rebuketh, 4
becometh, 6
hatre, 2
addeth, 1
concealeth, 1
smart, 1
tendeth, 1
winneth, 1
tilleth, 2
hearkeneth, 1
despiseth, 9
spareth, 1
penury, 1
stall, 1
handleth, 2
laboureth, 3
craveth, 1
diggeth, 3
repeateth, 1
condemneth, 2
begetteth, 3
drieth, 1
fretteth, 1
deferreth, 1
wasteth, 1
boasteth, 2
devoureth, 4
tend, 1
brawl, 2
spendeth, 2
coveteth, 2
hardeneth, 2
foreseeth, 2
overthroweth, 2
beatest, 1
babble, 1
copy, 1
backbite, 1
deceiveth, 6
rolleth, 1
sharpeneth, 1
shameth, 1
robbeth, 1
stirreth, 4
accuse, 31
pick, 1
planteth, 2
herself, 1
praiseth, 1
excellest, 1
whirleth, 1
Eccl2:3, 1
eccl2:17, 1
manifest, 16
eccl3:22, 1
foldeth, 1
admonish, 9
eccl7:14, 1
prolongeth, 1
chance, 2
eccl9:17, 1
endanger, 2
observeth, 1
ssol1:10, 1
shorn, 4
ssol4:4, 1
belove, 6
SSol5:13, 1
ssol7:6, 1
spice, 2
mollify, 1
mix, 6
abolish, 6
mince, 1
tinkle, 2
crisp, 1
wellbelove, 1
inflame, 1
associate, 1
peep, 2
mutter, 2
bestead, 1
snatch, 1
lop, 1
reapeth, 1
shadow, 3
peel, 3
bloweth, 2
ripen, 1
summer, 1
winter, 3
barefoot, 1
travel, 5
heweth, 2
graveth, 1
treasure, 1
fleeth, 2
defence, 3
disclose, 1
stammer, 2
precept, 1
discretion, 1
note, 3
winnow, 1
sift, 4
hail, 1
dealest, 1
surprise, 2
soak, 1
ransom, 4
chatter, 1
incense, 2
produce, 1
chooseth, 1
subscribe, 4
surname, 9
molten, 1
fitteth, 1
kindleth, 1
roasteth, 1
feedeth, 4
frustrateth, 1
elect, 3
hoar, 1
lavish, 1
span, 1
listen, 1
wakeneth, 2
obeyeth, 1
yourselve, 1
publisheth, 3
bark, 2
enflame, 1
enlarged, 1
lovedst, 2
debase, 1
hatch, 1
decketh, 1
term, 2
meetest, 1
provoketh, 1
milk, 1
dandle, 1
yell, 2
procure, 4
traverse, 1
gaddest, 1
backslide, 10
bewaileth, 1
neigh, 1
belie, 1
understandest, 1
impoverish, 1
age, 1
inclined, 1
aright, 1
understandeth, 2
needs, 8
snuff, 2
disgrace, 1
fan, 2
revenge, 3
fish, 2
discontinue, 1
hatcheth, 1
benefit, 1
wag, 5
void, 1
wine, 1
expect, 3
reproved, 1
prey, 1
engage, 1
adorn, 8
sorrow, 6
satiate, 3
cure, 8
furbish, 6
clip, 1
gloriest, 1
bellow, 1
striven, 1
dote, 8
destroyest, 3
forborn, 1
Nebuchadrezzar, 1
sigheth, 1
prevaileth, 1
wreathe, 1
swoon, 1
slain, 3
swaddle, 4
recall, 1
subvert, 4
Behold, 1
infolde, 1
sparkle, 1
pourtray, 1
watcheth, 1
lo, 2
pourtraye, 3
inkhorn, 3
supple, 1
salt, 4
broider, 5
playedst, 2
thyself, 1
borne, 1
longwinge, 1
crop, 2
contemneth, 1
raven, 3
violate, 1
alienate, 3
containeth, 1
deckedst, 1
dispatch, 1
spreadest, 1
filledst, 1
beast, 1
brandish, 1
foul, 2
till, 2
devourest, 1
door, 1
square, 1
sweat, 1
inheritance, 1
changeth, 1
revealeth, 3
heat, 3
wet, 1
depose, 1
appointeth, 1
fault, 1
sign, 5
altereth, 2
forecast, 2
allure, 2
declareth, 1
slideth, 1
accepteth, 1
miscarry, 1
judgment, 1
joel2:10, 1
waken, 2
agree, 15
store, 1
formeth, 1
falsify, 1
row, 2
jonah1:15, 1
flock, 1
Prophesy, 1
chop, 1
pardoneth, 1
reserveth, 1
folden, 1
dasheth, 1
justle, 1
recount, 1
tabere, 1
strangle, 4
pranse, 1
jump, 1
sup, 4
scoff, 1
deride, 3
readeth, 1
transgresseth, 1
taunt, 1
quiver, 1
famish, 1
even, 1
gnaw, 2
wage, 1
forward, 1
resist, 12
border, 1
prise, 1
burden, 4
rifle, 1
serveth, 3
baptize, 74
forswear, 1
sue, 1
disfigure, 1
toil, 4
knock, 6
torment, 11
loseth, 1
scorch, 4
choke, 8
anon, 1
tar, 1
doubt, 11
hand, 1
transfigure, 2
overshadow, 5
list, 2
yonder, 1
Doth, 2
neglect, 6
owe, 4
twain, 2
crucify, 53
hunger, 4
in, 1
thinkest, 3
silence, 2
sanctifieth, 2
omit, 1
strain, 1
reckoneth, 1
dippeth, 1
buffet, 5
plat, 3
dawn, 1
secure, 1
mark1:11, 1
blaze, 1
seweth, 1
throng, 5
Mark3:28, 1
tame, 3
mark5:10, 1
better, 1
Mark6:46, 1
entereth, 3
white, 2
foam, 2
season, 3
carest, 1
mark12:34, 1
premeditate, 1
foretell, 3
drank, 2
betrayeth, 2
mark15:10, 1
Mark15:14, 1
content, 2
Mark15:39, 1
crave, 1
mark16:17, 1
beckon, 8
luke1:57, 1
luke2:11, 1
luke2:41, 1
Luke2:46, 1
Luke5:3, 1
rub, 1
luke6:4, 1
beholdest, 1
Luke7:46, 1
luke8:22, 1
launch, 4
sail, 21
arrive, 2
ware, 1
stanch, 1
house, 1
foameth, 1
luke10:11, 1
luke10:29, 1
cumber, 1
Luke11:23, 1
luke11:36, 1
allow, 4
luke11:52, 1
forewarn, 2
confes, 2
denieth, 2
Luke12:23, 1
luke12:29, 1
luke12:30, 1
approacheth, 1
delayeth, 1
Luke12:46, 1
luke12:55, 1
hale, 2
cumbereth, 1
killest, 1
luke14:8, 1
luke14:14, 1
excuse, 4
luke15:10, 1
luke15:25, 1
luke15:29, 1
resolve, 1
Luke16:13, 1
marrieth, 1
fare, 2
cool, 1
Luke16:28, 1
trow, 1
luke17:14, 1
luke17:21, 1
Luke17:28, 1
luke18:11, 1
Luke18:32, 1
luke18:34, 1
luke19:14, 1
luke19:41, 1
Luke19:43, 1
Luke19:46, 1
luke20:4, 1
luke20:6, 1
luke20:38, 1
gainsay, 3
luke21:34, 1
overcharge, 2
Luke21:35, 1
luke22:6, 1
luke22:10, 1
crow, 2
knowest, 2
luke22:59, 1
affirm, 6
blindfold, 1
luke22:68, 1
luke23:47, 1
holden, 1
Luke24:28, 1
broil, 1
behove, 2
luke24:47, 1
baptizest, 1
john3:8, 1
listeth, 1
testifieth, 2
john4:49, 1
step, 1
accuseth, 1
John6:12, 1
John6:46, 1
john7:10, 1
John7:40, 1
convict, 1
john8:17, 1
john8:41, 1
convinceth, 1
dishonour, 3
careth, 2
john10:37, 1
john11:17, 1
john11:34, 1
Could, 1
stinketh, 1
john12:33, 1
signify, 9
John12:46, 1
rejecteth, 1
john13:17, 1
sufficeth, 1
john14:17, 1
fruit, 1
purgeth, 1
john15:17, 1
john16:10, 1
John18:9, 1
john18:17, 1
john19:40, 1
john20:2, 1
outrun, 1
remit, 2
drag, 1
companie, 1
foresee, 2
exhort, 23
threaten, 4
haply, 2
suborn, 1
wrong, 3
acts7:43, 1
figure, 1
bewitch, 3
slaughter, 1
prayeth, 1
edify, 5
lodgeth, 1
acts10:36, 1
acts10:40, 1
acts10:41, 1
apprehend, 5
acts13:10, 1
glad, 1
acts13:34, 1
contradict, 1
affect, 4
recommend, 2
acts15:9, 1
acts15:10, 1
acts15:17, 1
abstain, 5
hazard, 1
endeavour, 3
consort, 1
encounter, 1
May, 3
oppose, 2
acts18:10, 1
acts18:20, 1
farewell, 1
confuse, 1
implead, 1
shun, 2
support, 2
unlade, 1
conclude, 4
acts22:6, 1
imprison, 1
acts22:30, 1
band, 1
assent, 1
acts24:11, 1
acts24:17, 1
object, 1
appeal, 6
permit, 4
persuadest, 1
acts27:10, 1
undergird, 1
deem, 1
hoise, 1
acts28:19, 1
treasurest, 1
advantage, 1
exclude, 2
describeth, 2
quickeneth, 2
grace, 2
righteousness, 1
mortify, 2
subject, 1
searcheth, 2
foreknow, 2
conform, 2
pertaineth, 1
repliest, 1
graff, 1
nature, 2
transform, 4
differ, 2
affectione, 1
condescend, 1
resisteth, 1
judgest, 2
alloweth, 1
laud, 1
assist, 1
saluteth, 5
nought, 1
transfer, 1
puff, 6
to, 1
defame, 1
behaveth, 1
beateth, 1
harp, 2
occupieth, 1
unlearn, 2
except, 1
advantageth, 1
addict, 1
supply, 4
despair, 1
inflict, 1
contrariwise, 2
forgave, 2
untaken, 1
renounce, 1
redound, 1
blame, 3
administer, 2
purposeth, 1
ministereth, 1
service, 3
communicate, 6
injure, 1
gendereth, 1
predestinate, 2
access, 1
compact, 1
partaker, 1
girt, 1
doubtless, 1
strengtheneth, 1
wellplease, 2
consist, 1
nail, 1
intrude, 1
trieth, 1
cherisheth, 1
study, 1
admire, 1
opposeth, 1
swerve, 1
enable, 1
usurp, 1
doubletongue, 1
sear, 1
entangleth, 1
needeth, 2
nameth, 1
purloin, 1
fellowlabourer, 1
crownedst, 1
limiteth, 1
waver, 2
illuminate, 1
flight, 1
torture, 1
voice, 1
entertain, 2
temptation, 1
engraft, 1
faith, 1
descendeth, 1
canker, 1
converteth, 1
fadeth, 1
foreordain, 1
plait, 1
ensue, 1
harm, 1
virtue, 1
knowledge, 1
patience, 1
slumbereth, 1
purifieth, 1
confesseth, 2
overcometh, 5
biddeth, 1
prate, 1
forbiddeth, 1
Jude1:19, 1
sufferest, 1
conquer, 2
pain, 1
exerciseth, 1
ascendeth, 1
Thrust, 2
